participantId,trialId,trialOrder,responseId,status,answer,duration
"0371511f-63c6-4304-9d37-e0c5e80d0447","participantTags","null","participantTags","undefined","[]","undefined"
"0371511f-63c6-4304-9d37-e0c5e80d0447","shape-word-compare-32","1","html-response","completed","2","6995"
"0371511f-63c6-4304-9d37-e0c5e80d0447","shape-word-compare-17","2","html-response","completed","4","9606"
"0371511f-63c6-4304-9d37-e0c5e80d0447","shape-word-compare-30","3","html-response","completed","3","4016"
"0371511f-63c6-4304-9d37-e0c5e80d0447","shape-word-compare-40","4","html-response","completed","6","2815"
"0371511f-63c6-4304-9d37-e0c5e80d0447","shape-word-compare-15","5","html-response","completed","4","4406"
"0371511f-63c6-4304-9d37-e0c5e80d0447","shape-word-compare-14","6","html-response","completed","7","8811"
"0371511f-63c6-4304-9d37-e0c5e80d0447","shape-word-compare-3","7","html-response","completed","4","3569"
"0371511f-63c6-4304-9d37-e0c5e80d0447","shape-word-compare-4","8","html-response","completed","6","5044"
"0371511f-63c6-4304-9d37-e0c5e80d0447","shape-word-compare-2","9","html-response","completed","3","5797"
"0371511f-63c6-4304-9d37-e0c5e80d0447","shape-word-compare-5","10","html-response","completed","7","2175"
"0371511f-63c6-4304-9d37-e0c5e80d0447","shape-word-compare-43","11","html-response","completed","6","2932"
"0371511f-63c6-4304-9d37-e0c5e80d0447","shape-word-compare-9","12","html-response","completed","3","4052"
"0371511f-63c6-4304-9d37-e0c5e80d0447","shape-word-compare-19","13","html-response","completed","2","6547"
"0371511f-63c6-4304-9d37-e0c5e80d0447","shape-word-compare-6","14","html-response","completed","4","2982"
"0371511f-63c6-4304-9d37-e0c5e80d0447","shape-word-compare-28","15","html-response","completed","6","3298"
"0371511f-63c6-4304-9d37-e0c5e80d0447","shape-word-compare-25","16","html-response","completed","4","3183"
"0371511f-63c6-4304-9d37-e0c5e80d0447","shape-word-compare-45","17","html-response","completed","4","7581"
"0371511f-63c6-4304-9d37-e0c5e80d0447","shape-word-compare-36","18","html-response","completed","6","2681"
"0371511f-63c6-4304-9d37-e0c5e80d0447","shape-word-compare-7","19","html-response","completed","3","3311"
"0371511f-63c6-4304-9d37-e0c5e80d0447","shape-word-compare-31","20","html-response","completed","7","2611"
"0371511f-63c6-4304-9d37-e0c5e80d0447","shape-word-compare-38","21","html-response","completed","3","2439"
"0371511f-63c6-4304-9d37-e0c5e80d0447","shape-word-compare-29","22","html-response","completed","3","2647"
"0371511f-63c6-4304-9d37-e0c5e80d0447","shape-word-compare-44","23","html-response","completed","4","3352"
"0371511f-63c6-4304-9d37-e0c5e80d0447","shape-word-compare-48","24","html-response","completed","4","3673"
"0371511f-63c6-4304-9d37-e0c5e80d0447","shape-word-compare-11","25","html-response","completed","6","2678"
"0371511f-63c6-4304-9d37-e0c5e80d0447","shape-word-compare-1","26","html-response","completed","4","2481"
"0371511f-63c6-4304-9d37-e0c5e80d0447","shape-word-compare-20","27","html-response","completed","4","3315"
"0371511f-63c6-4304-9d37-e0c5e80d0447","shape-word-compare-39","28","html-response","completed","4","3531"
"0371511f-63c6-4304-9d37-e0c5e80d0447","shape-word-compare-12","29","html-response","completed","8","2564"
"0371511f-63c6-4304-9d37-e0c5e80d0447","shape-word-compare-0","30","html-response","completed","3","2504"
"0371511f-63c6-4304-9d37-e0c5e80d0447","shape-word-compare-46","31","html-response","completed","6","2401"
"0371511f-63c6-4304-9d37-e0c5e80d0447","shape-word-compare-10","32","html-response","completed","4","7673"
"0371511f-63c6-4304-9d37-e0c5e80d0447","shape-word-compare-26","33","html-response","completed","3","3953"
"0371511f-63c6-4304-9d37-e0c5e80d0447","shape-word-compare-18","34","html-response","completed","7","2263"
"0371511f-63c6-4304-9d37-e0c5e80d0447","shape-word-compare-13","35","html-response","completed","3","3677"
"0371511f-63c6-4304-9d37-e0c5e80d0447","shape-word-compare-42","36","html-response","completed","7","3637"
"0371511f-63c6-4304-9d37-e0c5e80d0447","shape-word-compare-21","37","html-response","completed","8","3353"
"0371511f-63c6-4304-9d37-e0c5e80d0447","shape-word-compare-27","38","html-response","completed","3","2667"
"0371511f-63c6-4304-9d37-e0c5e80d0447","shape-word-compare-47","39","html-response","completed","3","2863"
"0371511f-63c6-4304-9d37-e0c5e80d0447","shape-word-compare-23","40","html-response","completed","7","2866"
"0371511f-63c6-4304-9d37-e0c5e80d0447","shape-word-compare-34","41","html-response","completed","3","4613"
"0371511f-63c6-4304-9d37-e0c5e80d0447","shape-word-compare-16","42","html-response","completed","3","3359"
"0371511f-63c6-4304-9d37-e0c5e80d0447","shape-word-compare-8","43","html-response","completed","7","2531"
"0371511f-63c6-4304-9d37-e0c5e80d0447","shape-word-compare-37","44","html-response","completed","3","2415"
"0371511f-63c6-4304-9d37-e0c5e80d0447","shape-word-compare-22","45","html-response","completed","7","3388"
"0371511f-63c6-4304-9d37-e0c5e80d0447","shape-word-compare-41","46","html-response","completed","3","2263"
"0371511f-63c6-4304-9d37-e0c5e80d0447","shape-word-compare-24","47","html-response","completed","2","4501"
"0371511f-63c6-4304-9d37-e0c5e80d0447","shape-word-compare-33","48","html-response","completed","9","2686"
"0371511f-63c6-4304-9d37-e0c5e80d0447","shape-word-compare-35","49","html-response","completed","3","3733"
"03db4514-bf31-4526-b61c-b62208e35925","participantTags","null","participantTags","undefined","[]","undefined"
"03db4514-bf31-4526-b61c-b62208e35925","shape-word-compare-43","1","html-response","completed","2","17849"
"03db4514-bf31-4526-b61c-b62208e35925","shape-word-compare-39","2","html-response","completed","0","5595"
"03db4514-bf31-4526-b61c-b62208e35925","shape-word-compare-7","3","html-response","completed","7","6675"
"03db4514-bf31-4526-b61c-b62208e35925","shape-word-compare-24","4","html-response","completed","4","9351"
"03db4514-bf31-4526-b61c-b62208e35925","shape-word-compare-28","5","html-response","completed","8","4606"
"03db4514-bf31-4526-b61c-b62208e35925","shape-word-compare-22","6","html-response","completed","0","2316"
"03db4514-bf31-4526-b61c-b62208e35925","shape-word-compare-3","7","html-response","completed","10","3185"
"03db4514-bf31-4526-b61c-b62208e35925","shape-word-compare-19","8","html-response","completed","2","3997"
"03db4514-bf31-4526-b61c-b62208e35925","shape-word-compare-32","9","html-response","completed","1","2692"
"03db4514-bf31-4526-b61c-b62208e35925","shape-word-compare-36","10","html-response","completed","8","10628"
"03db4514-bf31-4526-b61c-b62208e35925","shape-word-compare-37","11","html-response","completed","0","3142"
"03db4514-bf31-4526-b61c-b62208e35925","shape-word-compare-41","12","html-response","completed","0","3437"
"03db4514-bf31-4526-b61c-b62208e35925","shape-word-compare-38","13","html-response","completed","7","2949"
"03db4514-bf31-4526-b61c-b62208e35925","shape-word-compare-34","14","html-response","completed","1","2813"
"03db4514-bf31-4526-b61c-b62208e35925","shape-word-compare-20","15","html-response","completed","0","2656"
"03db4514-bf31-4526-b61c-b62208e35925","shape-word-compare-46","16","html-response","completed","8","4845"
"03db4514-bf31-4526-b61c-b62208e35925","shape-word-compare-9","17","html-response","completed","5","17013"
"03db4514-bf31-4526-b61c-b62208e35925","shape-word-compare-18","18","html-response","completed","8","6541"
"03db4514-bf31-4526-b61c-b62208e35925","shape-word-compare-5","19","html-response","completed","10","11092"
"03db4514-bf31-4526-b61c-b62208e35925","shape-word-compare-1","20","html-response","completed","1","6312"
"03db4514-bf31-4526-b61c-b62208e35925","shape-word-compare-17","21","html-response","completed","9","2667"
"03db4514-bf31-4526-b61c-b62208e35925","shape-word-compare-40","22","html-response","completed","0","3358"
"03db4514-bf31-4526-b61c-b62208e35925","shape-word-compare-11","23","html-response","completed","0","2597"
"03db4514-bf31-4526-b61c-b62208e35925","shape-word-compare-47","24","html-response","completed","9","2528"
"03db4514-bf31-4526-b61c-b62208e35925","shape-word-compare-45","25","html-response","completed","1","7834"
"03db4514-bf31-4526-b61c-b62208e35925","shape-word-compare-33","26","html-response","completed","6","5965"
"03db4514-bf31-4526-b61c-b62208e35925","shape-word-compare-13","27","html-response","completed","1","3161"
"03db4514-bf31-4526-b61c-b62208e35925","shape-word-compare-44","28","html-response","completed","3","5421"
"03db4514-bf31-4526-b61c-b62208e35925","shape-word-compare-12","29","html-response","completed","2","3892"
"03db4514-bf31-4526-b61c-b62208e35925","shape-word-compare-48","30","html-response","completed","8","2879"
"03db4514-bf31-4526-b61c-b62208e35925","shape-word-compare-16","31","html-response","completed","1","2481"
"03db4514-bf31-4526-b61c-b62208e35925","shape-word-compare-27","32","html-response","completed","0","3642"
"03db4514-bf31-4526-b61c-b62208e35925","shape-word-compare-23","33","html-response","completed","2","5459"
"03db4514-bf31-4526-b61c-b62208e35925","shape-word-compare-25","34","html-response","completed","1","13559"
"03db4514-bf31-4526-b61c-b62208e35925","shape-word-compare-4","35","html-response","completed","8","3910"
"03db4514-bf31-4526-b61c-b62208e35925","shape-word-compare-31","36","html-response","completed","10","4135"
"03db4514-bf31-4526-b61c-b62208e35925","shape-word-compare-0","37","html-response","completed","7","4611"
"03db4514-bf31-4526-b61c-b62208e35925","shape-word-compare-35","38","html-response","completed","5","5761"
"03db4514-bf31-4526-b61c-b62208e35925","shape-word-compare-8","39","html-response","completed","8","5426"
"03db4514-bf31-4526-b61c-b62208e35925","shape-word-compare-2","40","html-response","completed","4","3429"
"03db4514-bf31-4526-b61c-b62208e35925","shape-word-compare-10","41","html-response","completed","9","4245"
"03db4514-bf31-4526-b61c-b62208e35925","shape-word-compare-29","42","html-response","completed","2","4029"
"03db4514-bf31-4526-b61c-b62208e35925","shape-word-compare-26","43","html-response","completed","0","2658"
"03db4514-bf31-4526-b61c-b62208e35925","shape-word-compare-15","44","html-response","completed","8","2986"
"03db4514-bf31-4526-b61c-b62208e35925","shape-word-compare-6","45","html-response","completed","0","2428"
"03db4514-bf31-4526-b61c-b62208e35925","shape-word-compare-30","46","html-response","completed","1","3077"
"03db4514-bf31-4526-b61c-b62208e35925","shape-word-compare-21","47","html-response","completed","0","5794"
"03db4514-bf31-4526-b61c-b62208e35925","shape-word-compare-42","48","html-response","completed","1","8325"
"03db4514-bf31-4526-b61c-b62208e35925","shape-word-compare-14","49","html-response","completed","2","6248"
"04bd1338-dc70-46dd-8792-805a6b28c4ec","participantTags","null","participantTags","undefined","[]","undefined"
"04bd1338-dc70-46dd-8792-805a6b28c4ec","shape-word-compare-30","1","html-response","completed","3","43912"
"04bd1338-dc70-46dd-8792-805a6b28c4ec","shape-word-compare-31","2","html-response","completed","6","3696"
"04bd1338-dc70-46dd-8792-805a6b28c4ec","shape-word-compare-15","3","html-response","completed","2","6163"
"04bd1338-dc70-46dd-8792-805a6b28c4ec","shape-word-compare-5","4","html-response","completed","9","3151"
"04bd1338-dc70-46dd-8792-805a6b28c4ec","shape-word-compare-22","5","html-response","completed","1","6883"
"04bd1338-dc70-46dd-8792-805a6b28c4ec","shape-word-compare-18","6","html-response","completed","10","5880"
"04bd1338-dc70-46dd-8792-805a6b28c4ec","shape-word-compare-7","7","html-response","completed","9","4639"
"04bd1338-dc70-46dd-8792-805a6b28c4ec","shape-word-compare-4","8","html-response","completed","2","5338"
"04bd1338-dc70-46dd-8792-805a6b28c4ec","shape-word-compare-8","9","html-response","completed","1","4103"
"04bd1338-dc70-46dd-8792-805a6b28c4ec","shape-word-compare-3","10","html-response","completed","7","3169"
"04bd1338-dc70-46dd-8792-805a6b28c4ec","shape-word-compare-43","11","html-response","completed","3","9839"
"04bd1338-dc70-46dd-8792-805a6b28c4ec","shape-word-compare-6","12","html-response","completed","1","3392"
"04bd1338-dc70-46dd-8792-805a6b28c4ec","shape-word-compare-14","13","html-response","completed","1","2911"
"04bd1338-dc70-46dd-8792-805a6b28c4ec","shape-word-compare-38","14","html-response","completed","7","6961"
"04bd1338-dc70-46dd-8792-805a6b28c4ec","shape-word-compare-12","15","html-response","completed","0","3180"
"04bd1338-dc70-46dd-8792-805a6b28c4ec","shape-word-compare-34","16","html-response","completed","2","3512"
"04bd1338-dc70-46dd-8792-805a6b28c4ec","shape-word-compare-40","17","html-response","completed","2","2943"
"04bd1338-dc70-46dd-8792-805a6b28c4ec","shape-word-compare-2","18","html-response","completed","7","2651"
"04bd1338-dc70-46dd-8792-805a6b28c4ec","shape-word-compare-10","19","html-response","completed","0","4333"
"04bd1338-dc70-46dd-8792-805a6b28c4ec","shape-word-compare-1","20","html-response","completed","0","3165"
"04bd1338-dc70-46dd-8792-805a6b28c4ec","shape-word-compare-41","21","html-response","completed","1","2860"
"04bd1338-dc70-46dd-8792-805a6b28c4ec","shape-word-compare-48","22","html-response","completed","9","2731"
"04bd1338-dc70-46dd-8792-805a6b28c4ec","shape-word-compare-11","23","html-response","completed","0","2008"
"04bd1338-dc70-46dd-8792-805a6b28c4ec","shape-word-compare-26","24","html-response","completed","1","3782"
"04bd1338-dc70-46dd-8792-805a6b28c4ec","shape-word-compare-16","25","html-response","completed","1","3435"
"04bd1338-dc70-46dd-8792-805a6b28c4ec","shape-word-compare-17","26","html-response","completed","1","3501"
"04bd1338-dc70-46dd-8792-805a6b28c4ec","shape-word-compare-44","27","html-response","completed","0","4219"
"04bd1338-dc70-46dd-8792-805a6b28c4ec","shape-word-compare-19","28","html-response","completed","0","2297"
"04bd1338-dc70-46dd-8792-805a6b28c4ec","shape-word-compare-36","29","html-response","completed","0","2798"
"04bd1338-dc70-46dd-8792-805a6b28c4ec","shape-word-compare-45","30","html-response","completed","0","2577"
"04bd1338-dc70-46dd-8792-805a6b28c4ec","shape-word-compare-25","31","html-response","completed","0","3265"
"04bd1338-dc70-46dd-8792-805a6b28c4ec","shape-word-compare-20","32","html-response","completed","0","2548"
"04bd1338-dc70-46dd-8792-805a6b28c4ec","shape-word-compare-23","33","html-response","completed","0","2493"
"04bd1338-dc70-46dd-8792-805a6b28c4ec","shape-word-compare-32","34","html-response","completed","7","2522"
"04bd1338-dc70-46dd-8792-805a6b28c4ec","shape-word-compare-0","35","html-response","completed","0","2408"
"04bd1338-dc70-46dd-8792-805a6b28c4ec","shape-word-compare-37","36","html-response","completed","1","5787"
"04bd1338-dc70-46dd-8792-805a6b28c4ec","shape-word-compare-28","37","html-response","completed","0","2725"
"04bd1338-dc70-46dd-8792-805a6b28c4ec","shape-word-compare-35","38","html-response","completed","0","2965"
"04bd1338-dc70-46dd-8792-805a6b28c4ec","shape-word-compare-46","39","html-response","completed","2","3145"
"04bd1338-dc70-46dd-8792-805a6b28c4ec","shape-word-compare-9","40","html-response","completed","2","4994"
"04bd1338-dc70-46dd-8792-805a6b28c4ec","shape-word-compare-33","41","html-response","completed","1","3323"
"04bd1338-dc70-46dd-8792-805a6b28c4ec","shape-word-compare-39","42","html-response","completed","1","2669"
"04bd1338-dc70-46dd-8792-805a6b28c4ec","shape-word-compare-24","43","html-response","completed","2","2706"
"04bd1338-dc70-46dd-8792-805a6b28c4ec","shape-word-compare-29","44","html-response","completed","0","2161"
"04bd1338-dc70-46dd-8792-805a6b28c4ec","shape-word-compare-21","45","html-response","completed","0","2536"
"04bd1338-dc70-46dd-8792-805a6b28c4ec","shape-word-compare-47","46","html-response","completed","0","3437"
"04bd1338-dc70-46dd-8792-805a6b28c4ec","shape-word-compare-27","47","html-response","completed","0","2421"
"04bd1338-dc70-46dd-8792-805a6b28c4ec","shape-word-compare-13","48","html-response","completed","0","2611"
"04bd1338-dc70-46dd-8792-805a6b28c4ec","shape-word-compare-42","49","html-response","completed","0","2871"
"08f2db5b-56e2-4216-ba64-a5d797d0d056","participantTags","null","participantTags","undefined","[]","undefined"
"0972deb9-d535-44e5-9352-9c371a73abad","participantTags","null","participantTags","undefined","[]","undefined"
"0972deb9-d535-44e5-9352-9c371a73abad","shape-word-compare-28","1","html-response","completed","4","6512"
"0972deb9-d535-44e5-9352-9c371a73abad","shape-word-compare-3","2","html-response","completed","8","3175"
"0972deb9-d535-44e5-9352-9c371a73abad","shape-word-compare-29","3","html-response","completed","6","3348"
"0972deb9-d535-44e5-9352-9c371a73abad","shape-word-compare-48","4","html-response","completed","2","3897"
"0972deb9-d535-44e5-9352-9c371a73abad","shape-word-compare-7","5","html-response","completed","8","5774"
"0972deb9-d535-44e5-9352-9c371a73abad","shape-word-compare-6","6","html-response","completed","1","3878"
"0972deb9-d535-44e5-9352-9c371a73abad","shape-word-compare-46","7","html-response","completed","0","5219"
"0972deb9-d535-44e5-9352-9c371a73abad","shape-word-compare-43","8","html-response","completed","6","2658"
"0972deb9-d535-44e5-9352-9c371a73abad","shape-word-compare-33","9","html-response","completed","1","3965"
"0972deb9-d535-44e5-9352-9c371a73abad","shape-word-compare-32","10","html-response","completed","7","3414"
"0972deb9-d535-44e5-9352-9c371a73abad","shape-word-compare-19","11","html-response","completed","1","3459"
"0972deb9-d535-44e5-9352-9c371a73abad","shape-word-compare-40","12","html-response","completed","7","1980"
"0972deb9-d535-44e5-9352-9c371a73abad","shape-word-compare-17","13","html-response","completed","6","2425"
"0972deb9-d535-44e5-9352-9c371a73abad","shape-word-compare-45","14","html-response","completed","0","7671"
"0972deb9-d535-44e5-9352-9c371a73abad","shape-word-compare-41","15","html-response","completed","7","2321"
"0972deb9-d535-44e5-9352-9c371a73abad","shape-word-compare-18","16","html-response","completed","7","5281"
"0972deb9-d535-44e5-9352-9c371a73abad","shape-word-compare-1","17","html-response","completed","2","2667"
"0972deb9-d535-44e5-9352-9c371a73abad","shape-word-compare-39","18","html-response","completed","4","5041"
"0972deb9-d535-44e5-9352-9c371a73abad","shape-word-compare-26","19","html-response","completed","1","5453"
"0972deb9-d535-44e5-9352-9c371a73abad","shape-word-compare-8","20","html-response","completed","6","2616"
"0972deb9-d535-44e5-9352-9c371a73abad","shape-word-compare-24","21","html-response","completed","6","2241"
"0972deb9-d535-44e5-9352-9c371a73abad","shape-word-compare-38","22","html-response","completed","6","1696"
"0972deb9-d535-44e5-9352-9c371a73abad","shape-word-compare-37","23","html-response","completed","3","2851"
"0972deb9-d535-44e5-9352-9c371a73abad","shape-word-compare-35","24","html-response","completed","6","8888"
"0972deb9-d535-44e5-9352-9c371a73abad","shape-word-compare-27","25","html-response","completed","8","2804"
"0972deb9-d535-44e5-9352-9c371a73abad","shape-word-compare-23","26","html-response","completed","3","1893"
"0972deb9-d535-44e5-9352-9c371a73abad","shape-word-compare-11","27","html-response","completed","4","3385"
"0972deb9-d535-44e5-9352-9c371a73abad","shape-word-compare-21","28","html-response","completed","7","2462"
"0972deb9-d535-44e5-9352-9c371a73abad","shape-word-compare-0","29","html-response","completed","3","3920"
"0972deb9-d535-44e5-9352-9c371a73abad","shape-word-compare-16","30","html-response","completed","7","6545"
"0972deb9-d535-44e5-9352-9c371a73abad","shape-word-compare-25","31","html-response","completed","9","1424"
"0972deb9-d535-44e5-9352-9c371a73abad","shape-word-compare-15","32","html-response","completed","7","2623"
"0972deb9-d535-44e5-9352-9c371a73abad","shape-word-compare-42","33","html-response","completed","3","1738"
"0972deb9-d535-44e5-9352-9c371a73abad","shape-word-compare-2","34","html-response","completed","6","4292"
"0972deb9-d535-44e5-9352-9c371a73abad","shape-word-compare-22","35","html-response","completed","2","2473"
"0972deb9-d535-44e5-9352-9c371a73abad","shape-word-compare-13","36","html-response","completed","3","1958"
"0972deb9-d535-44e5-9352-9c371a73abad","shape-word-compare-12","37","html-response","completed","7","1771"
"0972deb9-d535-44e5-9352-9c371a73abad","shape-word-compare-10","38","html-response","completed","3","3705"
"0972deb9-d535-44e5-9352-9c371a73abad","shape-word-compare-9","39","html-response","completed","6","11481"
"0972deb9-d535-44e5-9352-9c371a73abad","shape-word-compare-34","40","html-response","completed","8","6591"
"0972deb9-d535-44e5-9352-9c371a73abad","shape-word-compare-14","41","html-response","completed","6","2263"
"0972deb9-d535-44e5-9352-9c371a73abad","shape-word-compare-20","42","html-response","completed","7","2312"
"0972deb9-d535-44e5-9352-9c371a73abad","shape-word-compare-47","43","html-response","completed","3","1397"
"0972deb9-d535-44e5-9352-9c371a73abad","shape-word-compare-44","44","html-response","completed","2","6409"
"0972deb9-d535-44e5-9352-9c371a73abad","shape-word-compare-36","45","html-response","completed","2","3101"
"0972deb9-d535-44e5-9352-9c371a73abad","shape-word-compare-4","46","html-response","completed","1","5981"
"0972deb9-d535-44e5-9352-9c371a73abad","shape-word-compare-5","47","html-response","completed","7","2379"
"0972deb9-d535-44e5-9352-9c371a73abad","shape-word-compare-31","48","html-response","completed","8","3356"
"0972deb9-d535-44e5-9352-9c371a73abad","shape-word-compare-30","49","html-response","completed","7","2064"
"0f161b89-c8b7-472e-8b1f-8d57c7d16165","participantTags","null","participantTags","undefined","[]","undefined"
"13abcbd5-c9db-49ad-b221-a32ea106b85e","participantTags","null","participantTags","undefined","[]","undefined"
"14de7004-c640-420b-b111-7110e68439b7","participantTags","null","participantTags","undefined","[]","undefined"
"14de7004-c640-420b-b111-7110e68439b7","shape-word-compare-10","1","html-response","completed","3","11904"
"14de7004-c640-420b-b111-7110e68439b7","shape-word-compare-44","2","html-response","completed","0","6933"
"14de7004-c640-420b-b111-7110e68439b7","shape-word-compare-14","3","html-response","completed","2","6692"
"14de7004-c640-420b-b111-7110e68439b7","shape-word-compare-12","4","html-response","completed","6","5753"
"14de7004-c640-420b-b111-7110e68439b7","shape-word-compare-17","5","html-response","completed","2","5145"
"14de7004-c640-420b-b111-7110e68439b7","shape-word-compare-5","6","html-response","completed","7","5054"
"14de7004-c640-420b-b111-7110e68439b7","shape-word-compare-23","7","html-response","completed","6","10317"
"14de7004-c640-420b-b111-7110e68439b7","shape-word-compare-33","8","html-response","completed","0","6278"
"14de7004-c640-420b-b111-7110e68439b7","shape-word-compare-16","9","html-response","completed","0","4493"
"14de7004-c640-420b-b111-7110e68439b7","shape-word-compare-7","10","html-response","completed","0","6014"
"14de7004-c640-420b-b111-7110e68439b7","shape-word-compare-27","11","html-response","completed","0","3187"
"14de7004-c640-420b-b111-7110e68439b7","shape-word-compare-9","12","html-response","completed","2","5782"
"14de7004-c640-420b-b111-7110e68439b7","shape-word-compare-34","13","html-response","completed","0","3228"
"14de7004-c640-420b-b111-7110e68439b7","shape-word-compare-0","14","html-response","completed","2","4868"
"14de7004-c640-420b-b111-7110e68439b7","shape-word-compare-24","15","html-response","completed","0","3295"
"14de7004-c640-420b-b111-7110e68439b7","shape-word-compare-25","16","html-response","completed","0","4470"
"14de7004-c640-420b-b111-7110e68439b7","shape-word-compare-32","17","html-response","completed","0","10278"
"14de7004-c640-420b-b111-7110e68439b7","shape-word-compare-20","18","html-response","completed","0","3452"
"14de7004-c640-420b-b111-7110e68439b7","shape-word-compare-21","19","html-response","completed","0","5024"
"14de7004-c640-420b-b111-7110e68439b7","shape-word-compare-1","20","html-response","completed","0","7533"
"14de7004-c640-420b-b111-7110e68439b7","shape-word-compare-3","21","html-response","completed","2","11207"
"14de7004-c640-420b-b111-7110e68439b7","shape-word-compare-2","22","html-response","completed","0","3604"
"14de7004-c640-420b-b111-7110e68439b7","shape-word-compare-40","23","html-response","completed","0","15073"
"14de7004-c640-420b-b111-7110e68439b7","shape-word-compare-11","24","html-response","completed","0","3730"
"14de7004-c640-420b-b111-7110e68439b7","shape-word-compare-28","25","html-response","completed","7","5788"
"14de7004-c640-420b-b111-7110e68439b7","shape-word-compare-41","26","html-response","completed","0","10487"
"14de7004-c640-420b-b111-7110e68439b7","shape-word-compare-35","27","html-response","completed","0","4874"
"14de7004-c640-420b-b111-7110e68439b7","shape-word-compare-29","28","html-response","completed","6","5052"
"14de7004-c640-420b-b111-7110e68439b7","shape-word-compare-45","29","html-response","completed","0","3333"
"14de7004-c640-420b-b111-7110e68439b7","shape-word-compare-4","30","html-response","completed","0","3832"
"14de7004-c640-420b-b111-7110e68439b7","shape-word-compare-30","31","html-response","completed","0","12740"
"14de7004-c640-420b-b111-7110e68439b7","shape-word-compare-19","32","html-response","completed","8","4829"
"14de7004-c640-420b-b111-7110e68439b7","shape-word-compare-6","33","html-response","completed","0","3861"
"14de7004-c640-420b-b111-7110e68439b7","shape-word-compare-15","34","html-response","completed","3","3961"
"14de7004-c640-420b-b111-7110e68439b7","shape-word-compare-31","35","html-response","completed","3","35082"
"14de7004-c640-420b-b111-7110e68439b7","shape-word-compare-46","36","html-response","completed","0","3029"
"14de7004-c640-420b-b111-7110e68439b7","shape-word-compare-8","37","html-response","completed","6","3759"
"14de7004-c640-420b-b111-7110e68439b7","shape-word-compare-26","38","html-response","completed","0","3587"
"14de7004-c640-420b-b111-7110e68439b7","shape-word-compare-38","39","html-response","completed","1","2748"
"14de7004-c640-420b-b111-7110e68439b7","shape-word-compare-18","40","html-response","completed","3","5466"
"14de7004-c640-420b-b111-7110e68439b7","shape-word-compare-37","41","html-response","completed","0","2164"
"14de7004-c640-420b-b111-7110e68439b7","shape-word-compare-36","42","html-response","completed","0","2147"
"14de7004-c640-420b-b111-7110e68439b7","shape-word-compare-48","43","html-response","completed","0","2498"
"14de7004-c640-420b-b111-7110e68439b7","shape-word-compare-47","44","html-response","completed","0","2841"
"14de7004-c640-420b-b111-7110e68439b7","shape-word-compare-39","45","html-response","completed","0","3055"
"14de7004-c640-420b-b111-7110e68439b7","shape-word-compare-42","46","html-response","completed","0","4901"
"14de7004-c640-420b-b111-7110e68439b7","shape-word-compare-43","47","html-response","completed","0","2210"
"14de7004-c640-420b-b111-7110e68439b7","shape-word-compare-22","48","html-response","completed","0","3113"
"14de7004-c640-420b-b111-7110e68439b7","shape-word-compare-13","49","html-response","completed","3","3580"
"1624253d-0ee5-4fa0-b26b-8796306ab4d4","participantTags","null","participantTags","undefined","[]","undefined"
"1ca176b5-8357-4d14-97e2-0cc241b0f761","participantTags","null","participantTags","undefined","[]","undefined"
"1ca176b5-8357-4d14-97e2-0cc241b0f761","shape-word-compare-37","1","html-response","completed","3","12940"
"1ca176b5-8357-4d14-97e2-0cc241b0f761","shape-word-compare-48","2","html-response","completed","4","6022"
"1ca176b5-8357-4d14-97e2-0cc241b0f761","shape-word-compare-7","3","html-response","completed","5","4657"
"1ca176b5-8357-4d14-97e2-0cc241b0f761","shape-word-compare-4","4","html-response","completed","5","7322"
"1ca176b5-8357-4d14-97e2-0cc241b0f761","shape-word-compare-39","5","html-response","completed","2","4729"
"1ca176b5-8357-4d14-97e2-0cc241b0f761","shape-word-compare-6","6","html-response","completed","5","1553"
"1ca176b5-8357-4d14-97e2-0cc241b0f761","shape-word-compare-47","7","html-response","completed","3","2279"
"1ca176b5-8357-4d14-97e2-0cc241b0f761","shape-word-compare-35","8","html-response","completed","1","2218"
"1ca176b5-8357-4d14-97e2-0cc241b0f761","shape-word-compare-10","9","html-response","completed","4","2497"
"1ca176b5-8357-4d14-97e2-0cc241b0f761","shape-word-compare-1","10","html-response","completed","5","1585"
"1ca176b5-8357-4d14-97e2-0cc241b0f761","shape-word-compare-25","11","html-response","completed","3","2467"
"1ca176b5-8357-4d14-97e2-0cc241b0f761","shape-word-compare-33","12","html-response","completed","6","4766"
"1ca176b5-8357-4d14-97e2-0cc241b0f761","shape-word-compare-17","13","html-response","completed","3","2683"
"1ca176b5-8357-4d14-97e2-0cc241b0f761","shape-word-compare-32","14","html-response","completed","3","2314"
"1ca176b5-8357-4d14-97e2-0cc241b0f761","shape-word-compare-14","15","html-response","completed","7","1935"
"1ca176b5-8357-4d14-97e2-0cc241b0f761","shape-word-compare-46","16","html-response","completed","1","1666"
"1ca176b5-8357-4d14-97e2-0cc241b0f761","shape-word-compare-2","17","html-response","completed","5","1314"
"1ca176b5-8357-4d14-97e2-0cc241b0f761","shape-word-compare-40","18","html-response","completed","3","1984"
"1ca176b5-8357-4d14-97e2-0cc241b0f761","shape-word-compare-24","19","html-response","completed","3","2011"
"1ca176b5-8357-4d14-97e2-0cc241b0f761","shape-word-compare-42","20","html-response","completed","2","4870"
"1ca176b5-8357-4d14-97e2-0cc241b0f761","shape-word-compare-23","21","html-response","completed","3","1659"
"1ca176b5-8357-4d14-97e2-0cc241b0f761","shape-word-compare-21","22","html-response","completed","3","2159"
"1ca176b5-8357-4d14-97e2-0cc241b0f761","shape-word-compare-29","23","html-response","completed","4","1778"
"1ca176b5-8357-4d14-97e2-0cc241b0f761","shape-word-compare-45","24","html-response","completed","2","1834"
"1ca176b5-8357-4d14-97e2-0cc241b0f761","shape-word-compare-44","25","html-response","completed","4","1745"
"1ca176b5-8357-4d14-97e2-0cc241b0f761","shape-word-compare-0","26","html-response","completed","5","1350"
"1ca176b5-8357-4d14-97e2-0cc241b0f761","shape-word-compare-26","27","html-response","completed","2","2430"
"1ca176b5-8357-4d14-97e2-0cc241b0f761","shape-word-compare-41","28","html-response","completed","2","2197"
"1ca176b5-8357-4d14-97e2-0cc241b0f761","shape-word-compare-3","29","html-response","completed","5","1423"
"1ca176b5-8357-4d14-97e2-0cc241b0f761","shape-word-compare-43","30","html-response","completed","3","2137"
"1ca176b5-8357-4d14-97e2-0cc241b0f761","shape-word-compare-30","31","html-response","completed","3","2510"
"1ca176b5-8357-4d14-97e2-0cc241b0f761","shape-word-compare-15","32","html-response","completed","7","2257"
"1ca176b5-8357-4d14-97e2-0cc241b0f761","shape-word-compare-38","33","html-response","completed","9","2154"
"1ca176b5-8357-4d14-97e2-0cc241b0f761","shape-word-compare-31","34","html-response","completed","6","2797"
"1ca176b5-8357-4d14-97e2-0cc241b0f761","shape-word-compare-8","35","html-response","completed","6","5812"
"1ca176b5-8357-4d14-97e2-0cc241b0f761","shape-word-compare-16","36","html-response","completed","4","2285"
"1ca176b5-8357-4d14-97e2-0cc241b0f761","shape-word-compare-11","37","html-response","completed","4","1920"
"1ca176b5-8357-4d14-97e2-0cc241b0f761","shape-word-compare-36","38","html-response","completed","2","2181"
"1ca176b5-8357-4d14-97e2-0cc241b0f761","shape-word-compare-27","39","html-response","completed","2","1749"
"1ca176b5-8357-4d14-97e2-0cc241b0f761","shape-word-compare-19","40","html-response","completed","6","3417"
"1ca176b5-8357-4d14-97e2-0cc241b0f761","shape-word-compare-20","41","html-response","completed","7","1879"
"1ca176b5-8357-4d14-97e2-0cc241b0f761","shape-word-compare-22","42","html-response","completed","3","2331"
"1ca176b5-8357-4d14-97e2-0cc241b0f761","shape-word-compare-28","43","html-response","completed","2","2097"
"1ca176b5-8357-4d14-97e2-0cc241b0f761","shape-word-compare-18","44","html-response","completed","4","2068"
"1ca176b5-8357-4d14-97e2-0cc241b0f761","shape-word-compare-9","45","html-response","completed","3","3100"
"1ca176b5-8357-4d14-97e2-0cc241b0f761","shape-word-compare-34","46","html-response","completed","3","2302"
"1ca176b5-8357-4d14-97e2-0cc241b0f761","shape-word-compare-13","47","html-response","completed","4","5786"
"1ca176b5-8357-4d14-97e2-0cc241b0f761","shape-word-compare-12","48","html-response","completed","4","1612"
"1ca176b5-8357-4d14-97e2-0cc241b0f761","shape-word-compare-5","49","html-response","completed","5","1949"
"32c0d65b-4ab5-46e7-b7e7-42d3445efed9","participantTags","null","participantTags","undefined","[]","undefined"
"32c0d65b-4ab5-46e7-b7e7-42d3445efed9","shape-word-compare-36","1","html-response","completed","1","16269"
"32c0d65b-4ab5-46e7-b7e7-42d3445efed9","shape-word-compare-28","2","html-response","completed","6","5165"
"32c0d65b-4ab5-46e7-b7e7-42d3445efed9","shape-word-compare-11","3","html-response","completed","3","2619"
"32c0d65b-4ab5-46e7-b7e7-42d3445efed9","shape-word-compare-38","4","html-response","completed","7","3253"
"32c0d65b-4ab5-46e7-b7e7-42d3445efed9","shape-word-compare-33","5","html-response","completed","7","1586"
"32c0d65b-4ab5-46e7-b7e7-42d3445efed9","shape-word-compare-41","6","html-response","completed","8","1932"
"32c0d65b-4ab5-46e7-b7e7-42d3445efed9","shape-word-compare-7","7","html-response","completed","7","1451"
"32c0d65b-4ab5-46e7-b7e7-42d3445efed9","shape-word-compare-22","8","html-response","completed","1","2016"
"32c0d65b-4ab5-46e7-b7e7-42d3445efed9","shape-word-compare-13","9","html-response","completed","6","2584"
"32c0d65b-4ab5-46e7-b7e7-42d3445efed9","shape-word-compare-48","10","html-response","completed","9","1485"
"32c0d65b-4ab5-46e7-b7e7-42d3445efed9","shape-word-compare-19","11","html-response","completed","1","1975"
"32c0d65b-4ab5-46e7-b7e7-42d3445efed9","shape-word-compare-27","12","html-response","completed","3","2086"
"32c0d65b-4ab5-46e7-b7e7-42d3445efed9","shape-word-compare-20","13","html-response","completed","7","2312"
"32c0d65b-4ab5-46e7-b7e7-42d3445efed9","shape-word-compare-24","14","html-response","completed","5","2603"
"32c0d65b-4ab5-46e7-b7e7-42d3445efed9","shape-word-compare-43","15","html-response","completed","6","2343"
"32c0d65b-4ab5-46e7-b7e7-42d3445efed9","shape-word-compare-0","16","html-response","completed","2","5237"
"32c0d65b-4ab5-46e7-b7e7-42d3445efed9","shape-word-compare-17","17","html-response","completed","3","11793"
"32c0d65b-4ab5-46e7-b7e7-42d3445efed9","shape-word-compare-29","18","html-response","completed","3","3904"
"32c0d65b-4ab5-46e7-b7e7-42d3445efed9","shape-word-compare-46","19","html-response","completed","2","1523"
"32c0d65b-4ab5-46e7-b7e7-42d3445efed9","shape-word-compare-26","20","html-response","completed","2","2594"
"32c0d65b-4ab5-46e7-b7e7-42d3445efed9","shape-word-compare-35","21","html-response","completed","6","1640"
"32c0d65b-4ab5-46e7-b7e7-42d3445efed9","shape-word-compare-32","22","html-response","completed","3","1492"
"32c0d65b-4ab5-46e7-b7e7-42d3445efed9","shape-word-compare-25","23","html-response","completed","2","1516"
"32c0d65b-4ab5-46e7-b7e7-42d3445efed9","shape-word-compare-42","24","html-response","completed","5","1711"
"32c0d65b-4ab5-46e7-b7e7-42d3445efed9","shape-word-compare-39","25","html-response","completed","2","1340"
"32c0d65b-4ab5-46e7-b7e7-42d3445efed9","shape-word-compare-16","26","html-response","completed","0","1924"
"32c0d65b-4ab5-46e7-b7e7-42d3445efed9","shape-word-compare-34","27","html-response","completed","6","1287"
"32c0d65b-4ab5-46e7-b7e7-42d3445efed9","shape-word-compare-45","28","html-response","completed","2","1629"
"32c0d65b-4ab5-46e7-b7e7-42d3445efed9","shape-word-compare-44","29","html-response","completed","2","1491"
"32c0d65b-4ab5-46e7-b7e7-42d3445efed9","shape-word-compare-10","30","html-response","completed","10","1506"
"32c0d65b-4ab5-46e7-b7e7-42d3445efed9","shape-word-compare-37","31","html-response","completed","3","8444"
"32c0d65b-4ab5-46e7-b7e7-42d3445efed9","shape-word-compare-14","32","html-response","completed","6","2106"
"32c0d65b-4ab5-46e7-b7e7-42d3445efed9","shape-word-compare-4","33","html-response","completed","2","2361"
"32c0d65b-4ab5-46e7-b7e7-42d3445efed9","shape-word-compare-15","34","html-response","completed","2","1812"
"32c0d65b-4ab5-46e7-b7e7-42d3445efed9","shape-word-compare-18","35","html-response","completed","5","1372"
"32c0d65b-4ab5-46e7-b7e7-42d3445efed9","shape-word-compare-30","36","html-response","completed","6","2883"
"32c0d65b-4ab5-46e7-b7e7-42d3445efed9","shape-word-compare-23","37","html-response","completed","6","3844"
"32c0d65b-4ab5-46e7-b7e7-42d3445efed9","shape-word-compare-31","38","html-response","completed","10","3387"
"32c0d65b-4ab5-46e7-b7e7-42d3445efed9","shape-word-compare-5","39","html-response","completed","3","10189"
"32c0d65b-4ab5-46e7-b7e7-42d3445efed9","shape-word-compare-3","40","html-response","completed","1","1968"
"32c0d65b-4ab5-46e7-b7e7-42d3445efed9","shape-word-compare-9","41","html-response","completed","2","1712"
"32c0d65b-4ab5-46e7-b7e7-42d3445efed9","shape-word-compare-1","42","html-response","completed","2","1359"
"32c0d65b-4ab5-46e7-b7e7-42d3445efed9","shape-word-compare-6","43","html-response","completed","2","1290"
"32c0d65b-4ab5-46e7-b7e7-42d3445efed9","shape-word-compare-40","44","html-response","completed","2","1840"
"32c0d65b-4ab5-46e7-b7e7-42d3445efed9","shape-word-compare-2","45","html-response","completed","6","1777"
"32c0d65b-4ab5-46e7-b7e7-42d3445efed9","shape-word-compare-8","46","html-response","completed","2","1705"
"32c0d65b-4ab5-46e7-b7e7-42d3445efed9","shape-word-compare-47","47","html-response","completed","2","1397"
"32c0d65b-4ab5-46e7-b7e7-42d3445efed9","shape-word-compare-21","48","html-response","completed","8","1853"
"32c0d65b-4ab5-46e7-b7e7-42d3445efed9","shape-word-compare-12","49","html-response","completed","7","2720"
"3e835d25-a522-4fa8-b304-bc62ee79dff3","participantTags","null","participantTags","undefined","[]","undefined"
"3f9ac3b9-54fa-4219-9e11-0bf7338312e6","participantTags","null","participantTags","undefined","[]","undefined"
"3f9ac3b9-54fa-4219-9e11-0bf7338312e6","shape-word-compare-2","1","html-response","completed","5","5702"
"3f9ac3b9-54fa-4219-9e11-0bf7338312e6","shape-word-compare-8","2","html-response","completed","5","412"
"3f9ac3b9-54fa-4219-9e11-0bf7338312e6","shape-word-compare-1","3","html-response","completed","5","276"
"3f9ac3b9-54fa-4219-9e11-0bf7338312e6","shape-word-compare-28","4","html-response","completed","5","177"
"3f9ac3b9-54fa-4219-9e11-0bf7338312e6","shape-word-compare-4","5","html-response","completed","5","587"
"3f9ac3b9-54fa-4219-9e11-0bf7338312e6","shape-word-compare-6","6","html-response","completed","5","22"
"3f9ac3b9-54fa-4219-9e11-0bf7338312e6","shape-word-compare-48","7","html-response","completed","5","119"
"3f9ac3b9-54fa-4219-9e11-0bf7338312e6","shape-word-compare-17","8","html-response","completed","5","999"
"3f9ac3b9-54fa-4219-9e11-0bf7338312e6","shape-word-compare-3","9","html-response","completed","5","508"
"3f9ac3b9-54fa-4219-9e11-0bf7338312e6","shape-word-compare-32","10","html-response","completed","5","1203"
"3f9ac3b9-54fa-4219-9e11-0bf7338312e6","shape-word-compare-13","11","html-response","completed","5","482"
"3f9ac3b9-54fa-4219-9e11-0bf7338312e6","shape-word-compare-23","12","html-response","completed","5","392"
"3f9ac3b9-54fa-4219-9e11-0bf7338312e6","shape-word-compare-5","13","html-response","completed","5","366"
"3f9ac3b9-54fa-4219-9e11-0bf7338312e6","shape-word-compare-45","14","html-response","completed","5","390"
"3f9ac3b9-54fa-4219-9e11-0bf7338312e6","shape-word-compare-44","15","html-response","completed","5","379"
"3f9ac3b9-54fa-4219-9e11-0bf7338312e6","shape-word-compare-30","16","html-response","completed","5","393"
"3f9ac3b9-54fa-4219-9e11-0bf7338312e6","shape-word-compare-21","17","html-response","completed","5","350"
"3f9ac3b9-54fa-4219-9e11-0bf7338312e6","shape-word-compare-47","18","html-response","completed","5","271"
"3f9ac3b9-54fa-4219-9e11-0bf7338312e6","shape-word-compare-0","19","html-response","completed","5","258"
"3f9ac3b9-54fa-4219-9e11-0bf7338312e6","shape-word-compare-22","20","html-response","completed","5","196"
"3f9ac3b9-54fa-4219-9e11-0bf7338312e6","shape-word-compare-27","21","html-response","completed","5","202"
"3f9ac3b9-54fa-4219-9e11-0bf7338312e6","shape-word-compare-20","22","html-response","completed","5","207"
"3f9ac3b9-54fa-4219-9e11-0bf7338312e6","shape-word-compare-36","23","html-response","completed","5","186"
"3f9ac3b9-54fa-4219-9e11-0bf7338312e6","shape-word-compare-7","24","html-response","completed","5","189"
"3f9ac3b9-54fa-4219-9e11-0bf7338312e6","shape-word-compare-10","25","html-response","completed","5","351"
"3f9ac3b9-54fa-4219-9e11-0bf7338312e6","shape-word-compare-19","26","html-response","completed","5","177"
"3f9ac3b9-54fa-4219-9e11-0bf7338312e6","shape-word-compare-16","27","html-response","completed","5","133"
"3f9ac3b9-54fa-4219-9e11-0bf7338312e6","shape-word-compare-12","28","html-response","completed","5","131"
"3f9ac3b9-54fa-4219-9e11-0bf7338312e6","shape-word-compare-25","29","html-response","completed","5","123"
"3f9ac3b9-54fa-4219-9e11-0bf7338312e6","shape-word-compare-26","30","html-response","completed","5","125"
"3f9ac3b9-54fa-4219-9e11-0bf7338312e6","shape-word-compare-31","31","html-response","completed","5","119"
"3f9ac3b9-54fa-4219-9e11-0bf7338312e6","shape-word-compare-9","32","html-response","completed","5","112"
"3f9ac3b9-54fa-4219-9e11-0bf7338312e6","shape-word-compare-15","33","html-response","completed","5","121"
"3f9ac3b9-54fa-4219-9e11-0bf7338312e6","shape-word-compare-40","34","html-response","completed","5","116"
"3f9ac3b9-54fa-4219-9e11-0bf7338312e6","shape-word-compare-46","35","html-response","completed","5","120"
"3f9ac3b9-54fa-4219-9e11-0bf7338312e6","shape-word-compare-39","36","html-response","completed","5","159"
"3f9ac3b9-54fa-4219-9e11-0bf7338312e6","shape-word-compare-29","37","html-response","completed","5","133"
"3f9ac3b9-54fa-4219-9e11-0bf7338312e6","shape-word-compare-24","38","html-response","completed","5","298"
"3f9ac3b9-54fa-4219-9e11-0bf7338312e6","shape-word-compare-37","39","html-response","completed","5","271"
"3f9ac3b9-54fa-4219-9e11-0bf7338312e6","shape-word-compare-41","40","html-response","completed","5","177"
"3f9ac3b9-54fa-4219-9e11-0bf7338312e6","shape-word-compare-14","41","html-response","completed","5","164"
"3f9ac3b9-54fa-4219-9e11-0bf7338312e6","shape-word-compare-18","42","html-response","completed","5","191"
"3f9ac3b9-54fa-4219-9e11-0bf7338312e6","shape-word-compare-38","43","html-response","completed","5","176"
"3f9ac3b9-54fa-4219-9e11-0bf7338312e6","shape-word-compare-35","44","html-response","completed","5","182"
"3f9ac3b9-54fa-4219-9e11-0bf7338312e6","shape-word-compare-33","45","html-response","completed","5","180"
"3f9ac3b9-54fa-4219-9e11-0bf7338312e6","shape-word-compare-43","46","html-response","completed","5","199"
"3f9ac3b9-54fa-4219-9e11-0bf7338312e6","shape-word-compare-11","47","html-response","completed","5","171"
"3f9ac3b9-54fa-4219-9e11-0bf7338312e6","shape-word-compare-34","48","html-response","completed","5","190"
"3f9ac3b9-54fa-4219-9e11-0bf7338312e6","shape-word-compare-42","49","html-response","completed","5","231"
"5590e107-7cf4-4c1f-a716-1eb73304d2ff","participantTags","null","participantTags","undefined","[]","undefined"
"5590e107-7cf4-4c1f-a716-1eb73304d2ff","shape-word-compare-38","48","html-response","completed","5","1653"
"5590e107-7cf4-4c1f-a716-1eb73304d2ff","shape-word-compare-21","49","html-response","completed","5","147"
"576c33dd-f740-4341-bde1-bbc77bf048b9","participantTags","null","participantTags","undefined","[]","undefined"
"576c33dd-f740-4341-bde1-bbc77bf048b9","shape-word-compare-5","1","html-response","completed","8","20251"
"576c33dd-f740-4341-bde1-bbc77bf048b9","shape-word-compare-29","2","html-response","completed","7","3526"
"576c33dd-f740-4341-bde1-bbc77bf048b9","shape-word-compare-19","3","html-response","completed","2","3503"
"576c33dd-f740-4341-bde1-bbc77bf048b9","shape-word-compare-22","4","html-response","completed","7","3500"
"576c33dd-f740-4341-bde1-bbc77bf048b9","shape-word-compare-38","5","html-response","completed","9","2934"
"576c33dd-f740-4341-bde1-bbc77bf048b9","shape-word-compare-40","6","html-response","completed","2","2596"
"576c33dd-f740-4341-bde1-bbc77bf048b9","shape-word-compare-0","7","html-response","completed","6","3266"
"576c33dd-f740-4341-bde1-bbc77bf048b9","shape-word-compare-18","8","html-response","completed","9","2925"
"576c33dd-f740-4341-bde1-bbc77bf048b9","shape-word-compare-23","9","html-response","completed","3","2564"
"576c33dd-f740-4341-bde1-bbc77bf048b9","shape-word-compare-14","10","html-response","completed","6","3108"
"576c33dd-f740-4341-bde1-bbc77bf048b9","shape-word-compare-25","11","html-response","completed","2","2997"
"576c33dd-f740-4341-bde1-bbc77bf048b9","shape-word-compare-16","12","html-response","completed","6","4059"
"576c33dd-f740-4341-bde1-bbc77bf048b9","shape-word-compare-37","13","html-response","completed","3","2671"
"576c33dd-f740-4341-bde1-bbc77bf048b9","shape-word-compare-42","14","html-response","completed","3","7829"
"576c33dd-f740-4341-bde1-bbc77bf048b9","shape-word-compare-45","15","html-response","completed","8","4568"
"576c33dd-f740-4341-bde1-bbc77bf048b9","shape-word-compare-35","16","html-response","completed","2","8321"
"576c33dd-f740-4341-bde1-bbc77bf048b9","shape-word-compare-9","17","html-response","completed","3","5351"
"576c33dd-f740-4341-bde1-bbc77bf048b9","shape-word-compare-33","18","html-response","completed","7","5005"
"576c33dd-f740-4341-bde1-bbc77bf048b9","shape-word-compare-21","19","html-response","completed","2","5694"
"576c33dd-f740-4341-bde1-bbc77bf048b9","shape-word-compare-2","20","html-response","completed","7","3272"
"576c33dd-f740-4341-bde1-bbc77bf048b9","shape-word-compare-41","21","html-response","completed","9","3187"
"576c33dd-f740-4341-bde1-bbc77bf048b9","shape-word-compare-4","22","html-response","completed","6","3763"
"576c33dd-f740-4341-bde1-bbc77bf048b9","shape-word-compare-32","23","html-response","completed","2","2991"
"576c33dd-f740-4341-bde1-bbc77bf048b9","shape-word-compare-12","24","html-response","completed","3","2825"
"576c33dd-f740-4341-bde1-bbc77bf048b9","shape-word-compare-10","25","html-response","completed","7","3454"
"576c33dd-f740-4341-bde1-bbc77bf048b9","shape-word-compare-6","26","html-response","completed","8","4749"
"576c33dd-f740-4341-bde1-bbc77bf048b9","shape-word-compare-17","27","html-response","completed","4","10406"
"576c33dd-f740-4341-bde1-bbc77bf048b9","shape-word-compare-36","28","html-response","completed","2","6673"
"576c33dd-f740-4341-bde1-bbc77bf048b9","shape-word-compare-31","29","html-response","completed","7","2550"
"576c33dd-f740-4341-bde1-bbc77bf048b9","shape-word-compare-7","30","html-response","completed","10","2066"
"576c33dd-f740-4341-bde1-bbc77bf048b9","shape-word-compare-15","31","html-response","completed","7","3231"
"576c33dd-f740-4341-bde1-bbc77bf048b9","shape-word-compare-8","32","html-response","completed","6","3989"
"576c33dd-f740-4341-bde1-bbc77bf048b9","shape-word-compare-30","33","html-response","completed","3","2754"
"576c33dd-f740-4341-bde1-bbc77bf048b9","shape-word-compare-48","34","html-response","completed","10","8119"
"576c33dd-f740-4341-bde1-bbc77bf048b9","shape-word-compare-26","35","html-response","completed","6","4114"
"576c33dd-f740-4341-bde1-bbc77bf048b9","shape-word-compare-44","36","html-response","completed","0","2651"
"576c33dd-f740-4341-bde1-bbc77bf048b9","shape-word-compare-1","37","html-response","completed","3","2840"
"576c33dd-f740-4341-bde1-bbc77bf048b9","shape-word-compare-46","38","html-response","completed","4","3926"
"576c33dd-f740-4341-bde1-bbc77bf048b9","shape-word-compare-24","39","html-response","completed","8","3473"
"576c33dd-f740-4341-bde1-bbc77bf048b9","shape-word-compare-3","40","html-response","completed","3","2937"
"576c33dd-f740-4341-bde1-bbc77bf048b9","shape-word-compare-27","41","html-response","completed","9","2803"
"576c33dd-f740-4341-bde1-bbc77bf048b9","shape-word-compare-34","42","html-response","completed","8","2474"
"576c33dd-f740-4341-bde1-bbc77bf048b9","shape-word-compare-47","43","html-response","completed","3","2116"
"576c33dd-f740-4341-bde1-bbc77bf048b9","shape-word-compare-11","44","html-response","completed","2","5375"
"576c33dd-f740-4341-bde1-bbc77bf048b9","shape-word-compare-20","45","html-response","completed","7","2160"
"576c33dd-f740-4341-bde1-bbc77bf048b9","shape-word-compare-43","46","html-response","completed","1","4627"
"576c33dd-f740-4341-bde1-bbc77bf048b9","shape-word-compare-28","47","html-response","completed","3","2739"
"576c33dd-f740-4341-bde1-bbc77bf048b9","shape-word-compare-39","48","html-response","completed","3","2598"
"576c33dd-f740-4341-bde1-bbc77bf048b9","shape-word-compare-13","49","html-response","completed","8","2037"
"80120344-cf3d-49fb-8698-17576c9b8c57","participantTags","null","participantTags","undefined","[]","undefined"
"9596a1d5-8604-4161-b6c7-a1b80fb59f7a","participantTags","null","participantTags","undefined","[]","undefined"
"a1cd443c-71e6-4915-b1ed-f3016035c758","participantTags","null","participantTags","undefined","[]","undefined"
"a1cd443c-71e6-4915-b1ed-f3016035c758","shape-word-compare-0","1","html-response","completed","2","15777"
"a1cd443c-71e6-4915-b1ed-f3016035c758","shape-word-compare-28","2","html-response","completed","0","8822"
"a1cd443c-71e6-4915-b1ed-f3016035c758","shape-word-compare-37","3","html-response","completed","6","5959"
"a1cd443c-71e6-4915-b1ed-f3016035c758","shape-word-compare-15","4","html-response","completed","6","4159"
"a1cd443c-71e6-4915-b1ed-f3016035c758","shape-word-compare-2","5","html-response","completed","6","4661"
"a1cd443c-71e6-4915-b1ed-f3016035c758","shape-word-compare-1","6","html-response","completed","1","5135"
"a1cd443c-71e6-4915-b1ed-f3016035c758","shape-word-compare-47","7","html-response","completed","8","5892"
"a1cd443c-71e6-4915-b1ed-f3016035c758","shape-word-compare-22","8","html-response","completed","0","3713"
"a1cd443c-71e6-4915-b1ed-f3016035c758","shape-word-compare-41","9","html-response","completed","10","2747"
"a1cd443c-71e6-4915-b1ed-f3016035c758","shape-word-compare-31","10","html-response","completed","10","4429"
"a1cd443c-71e6-4915-b1ed-f3016035c758","shape-word-compare-43","11","html-response","completed","8","3545"
"a1cd443c-71e6-4915-b1ed-f3016035c758","shape-word-compare-48","12","html-response","completed","6","3297"
"a1cd443c-71e6-4915-b1ed-f3016035c758","shape-word-compare-42","13","html-response","completed","0","3711"
"a1cd443c-71e6-4915-b1ed-f3016035c758","shape-word-compare-46","14","html-response","completed","0","2798"
"a1cd443c-71e6-4915-b1ed-f3016035c758","shape-word-compare-19","15","html-response","completed","9","3397"
"a1cd443c-71e6-4915-b1ed-f3016035c758","shape-word-compare-3","16","html-response","completed","8","4313"
"a1cd443c-71e6-4915-b1ed-f3016035c758","shape-word-compare-6","17","html-response","completed","1","3845"
"a1cd443c-71e6-4915-b1ed-f3016035c758","shape-word-compare-26","18","html-response","completed","0","2480"
"a1cd443c-71e6-4915-b1ed-f3016035c758","shape-word-compare-10","19","html-response","completed","6","4453"
"a1cd443c-71e6-4915-b1ed-f3016035c758","shape-word-compare-32","20","html-response","completed","10","2498"
"a1cd443c-71e6-4915-b1ed-f3016035c758","shape-word-compare-4","21","html-response","completed","1","3298"
"a1cd443c-71e6-4915-b1ed-f3016035c758","shape-word-compare-44","22","html-response","completed","6","3147"
"a1cd443c-71e6-4915-b1ed-f3016035c758","shape-word-compare-40","23","html-response","completed","2","3598"
"a1cd443c-71e6-4915-b1ed-f3016035c758","shape-word-compare-5","24","html-response","completed","10","2047"
"a1cd443c-71e6-4915-b1ed-f3016035c758","shape-word-compare-35","25","html-response","completed","10","2400"
"a1cd443c-71e6-4915-b1ed-f3016035c758","shape-word-compare-11","26","html-response","completed","0","3728"
"a1cd443c-71e6-4915-b1ed-f3016035c758","shape-word-compare-16","27","html-response","completed","6","2233"
"a1cd443c-71e6-4915-b1ed-f3016035c758","shape-word-compare-36","28","html-response","completed","0","2183"
"a1cd443c-71e6-4915-b1ed-f3016035c758","shape-word-compare-27","29","html-response","completed","0","2378"
"a1cd443c-71e6-4915-b1ed-f3016035c758","shape-word-compare-29","30","html-response","completed","10","5178"
"a1cd443c-71e6-4915-b1ed-f3016035c758","shape-word-compare-8","31","html-response","completed","4","2364"
"a1cd443c-71e6-4915-b1ed-f3016035c758","shape-word-compare-38","32","html-response","completed","3","2530"
"a1cd443c-71e6-4915-b1ed-f3016035c758","shape-word-compare-23","33","html-response","completed","0","137644"
"a1cd443c-71e6-4915-b1ed-f3016035c758","shape-word-compare-13","34","html-response","completed","3","218108"
"a1cd443c-71e6-4915-b1ed-f3016035c758","shape-word-compare-30","35","html-response","completed","6","2919"
"a1cd443c-71e6-4915-b1ed-f3016035c758","shape-word-compare-25","36","html-response","completed","0","3443"
"a1cd443c-71e6-4915-b1ed-f3016035c758","shape-word-compare-17","37","html-response","completed","8","5146"
"a1cd443c-71e6-4915-b1ed-f3016035c758","shape-word-compare-18","38","html-response","completed","8","3293"
"a1cd443c-71e6-4915-b1ed-f3016035c758","shape-word-compare-33","39","html-response","completed","3","4177"
"a1cd443c-71e6-4915-b1ed-f3016035c758","shape-word-compare-34","40","html-response","completed","8","3063"
"a1cd443c-71e6-4915-b1ed-f3016035c758","shape-word-compare-39","41","html-response","completed","0","2512"
"a1cd443c-71e6-4915-b1ed-f3016035c758","shape-word-compare-9","42","html-response","completed","2","3198"
"a1cd443c-71e6-4915-b1ed-f3016035c758","shape-word-compare-7","43","html-response","completed","6","3796"
"a1cd443c-71e6-4915-b1ed-f3016035c758","shape-word-compare-20","44","html-response","completed","7","2352"
"a1cd443c-71e6-4915-b1ed-f3016035c758","shape-word-compare-21","45","html-response","completed","0","2365"
"a1cd443c-71e6-4915-b1ed-f3016035c758","shape-word-compare-24","46","html-response","completed","0","3096"
"a1cd443c-71e6-4915-b1ed-f3016035c758","shape-word-compare-12","47","html-response","completed","10","10236"
"a1cd443c-71e6-4915-b1ed-f3016035c758","shape-word-compare-14","48","html-response","completed","8","4138"
"a1cd443c-71e6-4915-b1ed-f3016035c758","shape-word-compare-45","49","html-response","completed","0","2778"
"be17575a-920c-4b3a-bae0-3088c7d4f17e","participantTags","null","participantTags","undefined","[]","undefined"
"c5e547d6-98f1-4d70-ad2c-7e474b123a37","participantTags","null","participantTags","undefined","[]","undefined"
"c5e547d6-98f1-4d70-ad2c-7e474b123a37","shape-word-compare-44","1","html-response","completed","10","10839"
"c5e547d6-98f1-4d70-ad2c-7e474b123a37","shape-word-compare-1","2","html-response","completed","1","3167"
"c5e547d6-98f1-4d70-ad2c-7e474b123a37","shape-word-compare-4","3","html-response","completed","7","4538"
"c5e547d6-98f1-4d70-ad2c-7e474b123a37","shape-word-compare-24","4","html-response","completed","0","3032"
"c5e547d6-98f1-4d70-ad2c-7e474b123a37","shape-word-compare-13","5","html-response","completed","1","2686"
"c5e547d6-98f1-4d70-ad2c-7e474b123a37","shape-word-compare-34","6","html-response","completed","7","3616"
"c5e547d6-98f1-4d70-ad2c-7e474b123a37","shape-word-compare-11","7","html-response","completed","6","3301"
"c5e547d6-98f1-4d70-ad2c-7e474b123a37","shape-word-compare-35","8","html-response","completed","7","3330"
"c5e547d6-98f1-4d70-ad2c-7e474b123a37","shape-word-compare-20","9","html-response","completed","4","2470"
"c5e547d6-98f1-4d70-ad2c-7e474b123a37","shape-word-compare-5","10","html-response","completed","9","1899"
"c5e547d6-98f1-4d70-ad2c-7e474b123a37","shape-word-compare-18","11","html-response","completed","6","1891"
"c5e547d6-98f1-4d70-ad2c-7e474b123a37","shape-word-compare-0","12","html-response","completed","7","1758"
"c5e547d6-98f1-4d70-ad2c-7e474b123a37","shape-word-compare-8","13","html-response","completed","10","2013"
"c5e547d6-98f1-4d70-ad2c-7e474b123a37","shape-word-compare-3","14","html-response","completed","10","2272"
"c5e547d6-98f1-4d70-ad2c-7e474b123a37","shape-word-compare-45","15","html-response","completed","0","2514"
"c5e547d6-98f1-4d70-ad2c-7e474b123a37","shape-word-compare-46","16","html-response","completed","0","2198"
"c5e547d6-98f1-4d70-ad2c-7e474b123a37","shape-word-compare-32","17","html-response","completed","0","2635"
"c5e547d6-98f1-4d70-ad2c-7e474b123a37","shape-word-compare-39","18","html-response","completed","10","2650"
"c5e547d6-98f1-4d70-ad2c-7e474b123a37","shape-word-compare-42","19","html-response","completed","0","1850"
"c5e547d6-98f1-4d70-ad2c-7e474b123a37","shape-word-compare-36","20","html-response","completed","1","2447"
"c5e547d6-98f1-4d70-ad2c-7e474b123a37","shape-word-compare-12","21","html-response","completed","6","2697"
"c5e547d6-98f1-4d70-ad2c-7e474b123a37","shape-word-compare-31","22","html-response","completed","0","1978"
"c5e547d6-98f1-4d70-ad2c-7e474b123a37","shape-word-compare-15","23","html-response","completed","0","4432"
"c5e547d6-98f1-4d70-ad2c-7e474b123a37","shape-word-compare-37","24","html-response","completed","0","2435"
"c5e547d6-98f1-4d70-ad2c-7e474b123a37","shape-word-compare-43","25","html-response","completed","0","1743"
"c5e547d6-98f1-4d70-ad2c-7e474b123a37","shape-word-compare-10","26","html-response","completed","6","3252"
"c5e547d6-98f1-4d70-ad2c-7e474b123a37","shape-word-compare-47","27","html-response","completed","0","1653"
"c5e547d6-98f1-4d70-ad2c-7e474b123a37","shape-word-compare-40","28","html-response","completed","6","3098"
"c5e547d6-98f1-4d70-ad2c-7e474b123a37","shape-word-compare-26","29","html-response","completed","5","221"
"c5e547d6-98f1-4d70-ad2c-7e474b123a37","shape-word-compare-2","30","html-response","completed","10","3469"
"c5e547d6-98f1-4d70-ad2c-7e474b123a37","shape-word-compare-22","31","html-response","completed","0","1672"
"c5e547d6-98f1-4d70-ad2c-7e474b123a37","shape-word-compare-48","32","html-response","completed","0","1513"
"c5e547d6-98f1-4d70-ad2c-7e474b123a37","shape-word-compare-9","33","html-response","completed","10","2334"
"c5e547d6-98f1-4d70-ad2c-7e474b123a37","shape-word-compare-38","34","html-response","completed","4","2680"
"c5e547d6-98f1-4d70-ad2c-7e474b123a37","shape-word-compare-17","35","html-response","completed","0","1388"
"c5e547d6-98f1-4d70-ad2c-7e474b123a37","shape-word-compare-23","36","html-response","completed","10","1930"
"c5e547d6-98f1-4d70-ad2c-7e474b123a37","shape-word-compare-6","37","html-response","completed","5","3021"
"c5e547d6-98f1-4d70-ad2c-7e474b123a37","shape-word-compare-33","38","html-response","completed","0","1584"
"c5e547d6-98f1-4d70-ad2c-7e474b123a37","shape-word-compare-7","39","html-response","completed","10","4080"
"c5e547d6-98f1-4d70-ad2c-7e474b123a37","shape-word-compare-30","40","html-response","completed","1","1774"
"c5e547d6-98f1-4d70-ad2c-7e474b123a37","shape-word-compare-16","41","html-response","completed","0","1424"
"c5e547d6-98f1-4d70-ad2c-7e474b123a37","shape-word-compare-28","42","html-response","completed","0","2069"
"c5e547d6-98f1-4d70-ad2c-7e474b123a37","shape-word-compare-14","43","html-response","completed","10","3293"
"c5e547d6-98f1-4d70-ad2c-7e474b123a37","shape-word-compare-19","44","html-response","completed","0","1442"
"c5e547d6-98f1-4d70-ad2c-7e474b123a37","shape-word-compare-41","45","html-response","completed","3","2101"
"c5e547d6-98f1-4d70-ad2c-7e474b123a37","shape-word-compare-21","46","html-response","completed","0","1394"
"c5e547d6-98f1-4d70-ad2c-7e474b123a37","shape-word-compare-25","47","html-response","completed","0","2762"
"c5e547d6-98f1-4d70-ad2c-7e474b123a37","shape-word-compare-29","48","html-response","completed","0","1680"
"c5e547d6-98f1-4d70-ad2c-7e474b123a37","shape-word-compare-27","49","html-response","completed","0","2158"
"c821fdea-a1a5-4222-b9af-2f26023f63ac","participantTags","null","participantTags","undefined","[]","undefined"
"c821fdea-a1a5-4222-b9af-2f26023f63ac","shape-word-compare-37","1","html-response","completed","1","7780"
"c821fdea-a1a5-4222-b9af-2f26023f63ac","shape-word-compare-44","2","html-response","completed","4","6810"
"c821fdea-a1a5-4222-b9af-2f26023f63ac","shape-word-compare-10","3","html-response","completed","8","4010"
"c821fdea-a1a5-4222-b9af-2f26023f63ac","shape-word-compare-6","4","html-response","completed","0","2471"
"c821fdea-a1a5-4222-b9af-2f26023f63ac","shape-word-compare-42","5","html-response","completed","0","1978"
"c821fdea-a1a5-4222-b9af-2f26023f63ac","shape-word-compare-41","6","html-response","completed","0","2581"
"c821fdea-a1a5-4222-b9af-2f26023f63ac","shape-word-compare-18","7","html-response","completed","0","2219"
"c821fdea-a1a5-4222-b9af-2f26023f63ac","shape-word-compare-12","8","html-response","completed","0","2897"
"c821fdea-a1a5-4222-b9af-2f26023f63ac","shape-word-compare-9","9","html-response","completed","1","4803"
"c821fdea-a1a5-4222-b9af-2f26023f63ac","shape-word-compare-14","10","html-response","completed","8","4606"
"c821fdea-a1a5-4222-b9af-2f26023f63ac","shape-word-compare-32","11","html-response","completed","0","2334"
"c821fdea-a1a5-4222-b9af-2f26023f63ac","shape-word-compare-36","12","html-response","completed","0","2193"
"c821fdea-a1a5-4222-b9af-2f26023f63ac","shape-word-compare-5","13","html-response","completed","7","2864"
"c821fdea-a1a5-4222-b9af-2f26023f63ac","shape-word-compare-40","14","html-response","completed","1","2706"
"c821fdea-a1a5-4222-b9af-2f26023f63ac","shape-word-compare-4","15","html-response","completed","1","2042"
"c821fdea-a1a5-4222-b9af-2f26023f63ac","shape-word-compare-28","16","html-response","completed","8","2633"
"c821fdea-a1a5-4222-b9af-2f26023f63ac","shape-word-compare-0","17","html-response","completed","0","2506"
"c821fdea-a1a5-4222-b9af-2f26023f63ac","shape-word-compare-1","18","html-response","completed","0","2164"
"c821fdea-a1a5-4222-b9af-2f26023f63ac","shape-word-compare-3","19","html-response","completed","0","1867"
"c821fdea-a1a5-4222-b9af-2f26023f63ac","shape-word-compare-31","20","html-response","completed","7","2818"
"c821fdea-a1a5-4222-b9af-2f26023f63ac","shape-word-compare-26","21","html-response","completed","0","2281"
"c821fdea-a1a5-4222-b9af-2f26023f63ac","shape-word-compare-23","22","html-response","completed","0","1597"
"c821fdea-a1a5-4222-b9af-2f26023f63ac","shape-word-compare-29","23","html-response","completed","8","2227"
"c821fdea-a1a5-4222-b9af-2f26023f63ac","shape-word-compare-21","24","html-response","completed","0","1853"
"c821fdea-a1a5-4222-b9af-2f26023f63ac","shape-word-compare-8","25","html-response","completed","0","2522"
"c821fdea-a1a5-4222-b9af-2f26023f63ac","shape-word-compare-16","26","html-response","completed","1","1878"
"c821fdea-a1a5-4222-b9af-2f26023f63ac","shape-word-compare-35","27","html-response","completed","1","1971"
"c821fdea-a1a5-4222-b9af-2f26023f63ac","shape-word-compare-24","28","html-response","completed","7","4351"
"c821fdea-a1a5-4222-b9af-2f26023f63ac","shape-word-compare-43","29","html-response","completed","0","1560"
"c821fdea-a1a5-4222-b9af-2f26023f63ac","shape-word-compare-20","30","html-response","completed","1","1695"
"c821fdea-a1a5-4222-b9af-2f26023f63ac","shape-word-compare-27","31","html-response","completed","1","1480"
"c821fdea-a1a5-4222-b9af-2f26023f63ac","shape-word-compare-15","32","html-response","completed","8","4348"
"c821fdea-a1a5-4222-b9af-2f26023f63ac","shape-word-compare-17","33","html-response","completed","0","1394"
"c821fdea-a1a5-4222-b9af-2f26023f63ac","shape-word-compare-38","34","html-response","completed","1","1588"
"c821fdea-a1a5-4222-b9af-2f26023f63ac","shape-word-compare-7","35","html-response","completed","1","1749"
"c821fdea-a1a5-4222-b9af-2f26023f63ac","shape-word-compare-25","36","html-response","completed","1","1475"
"c821fdea-a1a5-4222-b9af-2f26023f63ac","shape-word-compare-48","37","html-response","completed","1","1447"
"c821fdea-a1a5-4222-b9af-2f26023f63ac","shape-word-compare-34","38","html-response","completed","0","1696"
"c821fdea-a1a5-4222-b9af-2f26023f63ac","shape-word-compare-39","39","html-response","completed","1","1904"
"c821fdea-a1a5-4222-b9af-2f26023f63ac","shape-word-compare-2","40","html-response","completed","4","3593"
"c821fdea-a1a5-4222-b9af-2f26023f63ac","shape-word-compare-11","41","html-response","completed","0","2314"
"c821fdea-a1a5-4222-b9af-2f26023f63ac","shape-word-compare-22","42","html-response","completed","0","2064"
"c821fdea-a1a5-4222-b9af-2f26023f63ac","shape-word-compare-46","43","html-response","completed","0","1363"
"c821fdea-a1a5-4222-b9af-2f26023f63ac","shape-word-compare-33","44","html-response","completed","1","2953"
"c821fdea-a1a5-4222-b9af-2f26023f63ac","shape-word-compare-19","45","html-response","completed","0","1416"
"c821fdea-a1a5-4222-b9af-2f26023f63ac","shape-word-compare-47","46","html-response","completed","0","1389"
"c821fdea-a1a5-4222-b9af-2f26023f63ac","shape-word-compare-13","47","html-response","completed","0","2037"
"c821fdea-a1a5-4222-b9af-2f26023f63ac","shape-word-compare-45","48","html-response","completed","0","2267"
"c821fdea-a1a5-4222-b9af-2f26023f63ac","shape-word-compare-30","49","html-response","completed","6","2424"
"ccad9565-1386-4ccf-9367-e6bb7067d62f","participantTags","null","participantTags","undefined","[]","undefined"
"ccad9565-1386-4ccf-9367-e6bb7067d62f","shape-word-compare-5","1","html-response","in progress","8","12666"
"ccad9565-1386-4ccf-9367-e6bb7067d62f","shape-word-compare-4","2","html-response","in progress","2","6525"
"ccad9565-1386-4ccf-9367-e6bb7067d62f","shape-word-compare-14","3","html-response","in progress","4","3419"
"ccad9565-1386-4ccf-9367-e6bb7067d62f","shape-word-compare-10","4","html-response","in progress","6","3586"
"ccad9565-1386-4ccf-9367-e6bb7067d62f","shape-word-compare-6","5","html-response","in progress","3","2783"
"ccad9565-1386-4ccf-9367-e6bb7067d62f","shape-word-compare-11","6","html-response","in progress","1","4261"
"ccad9565-1386-4ccf-9367-e6bb7067d62f","shape-word-compare-3","7","html-response","in progress","7","2598"
"ccad9565-1386-4ccf-9367-e6bb7067d62f","shape-word-compare-9","8","html-response","in progress","5","5425"
"ed501e8c-dc1a-48c5-bead-509666a84435","participantTags","null","participantTags","undefined","[]","undefined"
"eedbe37a-f51a-4bd3-8e82-66ef84060eba","participantTags","null","participantTags","undefined","[]","undefined"
"eedbe37a-f51a-4bd3-8e82-66ef84060eba","shape-word-compare-7","1","html-response","completed","6","4809"
"eedbe37a-f51a-4bd3-8e82-66ef84060eba","shape-word-compare-22","2","html-response","completed","1","3389"
"eedbe37a-f51a-4bd3-8e82-66ef84060eba","shape-word-compare-11","3","html-response","completed","3","3766"
"eedbe37a-f51a-4bd3-8e82-66ef84060eba","shape-word-compare-23","4","html-response","completed","4","7147"
"eedbe37a-f51a-4bd3-8e82-66ef84060eba","shape-word-compare-30","5","html-response","completed","4","2583"
"eedbe37a-f51a-4bd3-8e82-66ef84060eba","shape-word-compare-17","6","html-response","completed","6","4012"
"eedbe37a-f51a-4bd3-8e82-66ef84060eba","shape-word-compare-19","7","html-response","completed","4","5529"
"eedbe37a-f51a-4bd3-8e82-66ef84060eba","shape-word-compare-6","8","html-response","completed","6","3058"
"eedbe37a-f51a-4bd3-8e82-66ef84060eba","shape-word-compare-48","9","html-response","completed","8","3757"
"eedbe37a-f51a-4bd3-8e82-66ef84060eba","shape-word-compare-47","10","html-response","completed","6","2718"
"eedbe37a-f51a-4bd3-8e82-66ef84060eba","shape-word-compare-33","11","html-response","completed","5","2504"
"eedbe37a-f51a-4bd3-8e82-66ef84060eba","shape-word-compare-42","12","html-response","completed","2","2632"
"eedbe37a-f51a-4bd3-8e82-66ef84060eba","shape-word-compare-3","13","html-response","completed","9","2964"
"eedbe37a-f51a-4bd3-8e82-66ef84060eba","shape-word-compare-29","14","html-response","completed","7","2669"
"eedbe37a-f51a-4bd3-8e82-66ef84060eba","shape-word-compare-15","15","html-response","completed","5","2470"
"eedbe37a-f51a-4bd3-8e82-66ef84060eba","shape-word-compare-16","16","html-response","completed","4","3729"
"eedbe37a-f51a-4bd3-8e82-66ef84060eba","shape-word-compare-34","17","html-response","completed","4","2416"
"eedbe37a-f51a-4bd3-8e82-66ef84060eba","shape-word-compare-1","18","html-response","completed","2","2892"
"eedbe37a-f51a-4bd3-8e82-66ef84060eba","shape-word-compare-44","19","html-response","completed","7","2922"
"eedbe37a-f51a-4bd3-8e82-66ef84060eba","shape-word-compare-31","20","html-response","completed","8","2812"
"eedbe37a-f51a-4bd3-8e82-66ef84060eba","shape-word-compare-21","21","html-response","completed","0","3515"
"eedbe37a-f51a-4bd3-8e82-66ef84060eba","shape-word-compare-24","22","html-response","completed","7","5541"
"eedbe37a-f51a-4bd3-8e82-66ef84060eba","shape-word-compare-39","23","html-response","completed","1","3080"
"eedbe37a-f51a-4bd3-8e82-66ef84060eba","shape-word-compare-32","24","html-response","completed","10","3259"
"eedbe37a-f51a-4bd3-8e82-66ef84060eba","shape-word-compare-41","25","html-response","completed","8","3694"
"eedbe37a-f51a-4bd3-8e82-66ef84060eba","shape-word-compare-13","26","html-response","completed","10","2613"
"eedbe37a-f51a-4bd3-8e82-66ef84060eba","shape-word-compare-12","27","html-response","completed","5","1919"
"eedbe37a-f51a-4bd3-8e82-66ef84060eba","shape-word-compare-36","28","html-response","completed","4","2585"
"eedbe37a-f51a-4bd3-8e82-66ef84060eba","shape-word-compare-28","29","html-response","completed","4","12184"
"eedbe37a-f51a-4bd3-8e82-66ef84060eba","shape-word-compare-25","30","html-response","completed","6","3012"
"eedbe37a-f51a-4bd3-8e82-66ef84060eba","shape-word-compare-46","31","html-response","completed","4","2965"
"eedbe37a-f51a-4bd3-8e82-66ef84060eba","shape-word-compare-35","32","html-response","completed","8","3552"
"eedbe37a-f51a-4bd3-8e82-66ef84060eba","shape-word-compare-9","33","html-response","completed","3","3887"
"eedbe37a-f51a-4bd3-8e82-66ef84060eba","shape-word-compare-40","34","html-response","completed","9","2379"
"eedbe37a-f51a-4bd3-8e82-66ef84060eba","shape-word-compare-45","35","html-response","completed","3","2541"
"eedbe37a-f51a-4bd3-8e82-66ef84060eba","shape-word-compare-8","36","html-response","completed","7","2604"
"eedbe37a-f51a-4bd3-8e82-66ef84060eba","shape-word-compare-38","37","html-response","completed","10","2446"
"eedbe37a-f51a-4bd3-8e82-66ef84060eba","shape-word-compare-14","38","html-response","completed","4","2803"
"eedbe37a-f51a-4bd3-8e82-66ef84060eba","shape-word-compare-4","39","html-response","completed","8","2581"
"eedbe37a-f51a-4bd3-8e82-66ef84060eba","shape-word-compare-5","40","html-response","completed","9","2611"
"eedbe37a-f51a-4bd3-8e82-66ef84060eba","shape-word-compare-18","41","html-response","completed","6","2652"
"eedbe37a-f51a-4bd3-8e82-66ef84060eba","shape-word-compare-10","42","html-response","completed","4","3710"
"eedbe37a-f51a-4bd3-8e82-66ef84060eba","shape-word-compare-37","43","html-response","completed","10","2136"
"eedbe37a-f51a-4bd3-8e82-66ef84060eba","shape-word-compare-2","44","html-response","completed","9","3079"
"eedbe37a-f51a-4bd3-8e82-66ef84060eba","shape-word-compare-27","45","html-response","completed","1","4638"
"eedbe37a-f51a-4bd3-8e82-66ef84060eba","shape-word-compare-20","46","html-response","completed","1","2707"
"eedbe37a-f51a-4bd3-8e82-66ef84060eba","shape-word-compare-26","47","html-response","completed","3","2575"
"eedbe37a-f51a-4bd3-8e82-66ef84060eba","shape-word-compare-0","48","html-response","completed","3","3485"
"eedbe37a-f51a-4bd3-8e82-66ef84060eba","shape-word-compare-43","49","html-response","completed","0","3093"